FILENAME,TEXT_SIZE,ALL_NOUNS_IN_ALL_WORDS,PRONOUNS_IN_ALL_WORDS,PROPER_NOUNS_IN_ALL_WORDS,REGULAR_NOUNS_IN_ALL_NOUNS,PROPER_NOUNS_IN_ALL_NOUNS
austen_emma,165552,0.1298081569537064,0.09923166135111626,0.05374746303276312,0.7071870475187574,0.1298081569537064
testing,103,0.14563106796116504,0.04854368932038835,0.1650485436893204,0.46875,0.14563106796116504
sample,114,0.17543859649122806,0.08771929824561403,0.06140350877192982,0.7407407407407407,0.17543859649122806
c_testing,44,0.11363636363636363,0.022727272727272728,0.25,0.3125,0.11363636363636363
given,48,0.22916666666666666,0.020833333333333332,0.08333333333333333,0.7333333333333333,0.22916666666666666
long_name_multi,28,0.14285714285714285,0.0,0.4642857142857143,0.23529411764705882,0.14285714285714285
test_dialogue,112,0.10714285714285714,0.11607142857142858,0.03571428571428571,0.75,0.10714285714285714
verne_20_test_short,1028,0.16342412451361868,0.10408560311284047,0.04182879377431906,0.7962085308056872,0.16342412451361868
verne_20_test_long,3435,0.17933042212518194,0.0826783114992722,0.038136826783114995,0.8246318607764391,0.17933042212518194
