FILENAME,TEXT_SIZE,ALL_NOUNS_IN_ALL_WORDS,PRONOUNS_IN_ALL_WORDS,PROPER_NOUNS_IN_ALL_WORDS,REGULAR_NOUNS_IN_ALL_NOUNS,PROPER_NOUNS_IN_ALL_NOUNS
sample,114,0.17543859649122806,0.08771929824561403,0.06140350877192982,0.7407407407407407,0.17543859649122806
test_dialogue,112,0.10714285714285714,0.11607142857142858,0.03571428571428571,0.75,0.10714285714285714
given,48,0.22916666666666666,0.020833333333333332,0.08333333333333333,0.7333333333333333,0.22916666666666666
c_testing,44,0.11363636363636363,0.022727272727272728,0.25,0.3125,0.11363636363636363
