FILENAME,TEXT_SIZE,ALL_NOUNS_IN_ALL_WORDS,PRONOUNS_IN_ALL_WORDS,PROPER_NOUNS_IN_ALL_WORDS,REGULAR_NOUNS_IN_ALL_NOUNS,PROPER_NOUNS_IN_ALL_NOUNS
austen_emma,165552,0.1298081569537064,0.09923166135111626,0.05374746303276312,0.7071870475187574,0.1298081569537064
austen_pride_and_prejudice,125974,0.14239446234937367,0.09435280295934081,0.04994681442202359,0.740321914981428,0.14239446234937367
barrie_peter_pan,50786,0.1363761666601032,0.10404442169101721,0.043200882132871266,0.7594298245614035,0.1363761666601032
baum_the_wonderful_wizard_of_oz,41985,0.12297249017506252,0.09250922948672145,0.05694891032511611,0.6834789515488483,0.12297249017506252
bronte_jane_eyre,199947,0.15710663325781332,0.10619314118241334,0.030493080666376588,0.8374566782191416,0.15710663325781332
burnett_a_little_princess,72006,0.13479432269533095,0.10664389078687887,0.040371635697025246,0.7695235074922698,0.13479432269533095
burnett_secret_garden,89631,0.12898439156095548,0.1128738940768261,0.039729557853867524,0.7645152757571749,0.12898439156095548
burroughs_a_princess_of_mars,68220,0.18145705071826443,0.08255643506303137,0.0312078569334506,0.8532533774469259,0.18145705071826443
burroughs_tarzan_of_the_apes,88275,0.1805607476635514,0.07196828094024356,0.03741716227697536,0.8283442469597755,0.1805607476635514
